,0,1,2,3,4,5
0,DB손해보험 005830,매수, 유안타증권,정태준,DB손해보험(005830) 차별화된 손해율 관리로 호실적 달성,2022.05.13
1,이마트 139480,매수, 한화투자증권,남성현,이마트(139480) [ 1Q22 Review] 이대로는 안된다,2022.05.13
2,CJ제일제당 097950,매수, SK증권,박찬솔,CJ제일제당(097950) 해외 가공 식품과 바이오 부문의 실적 호조 지속 예상,2022.05.13
3,하츠 066130,없음, 한국IR협의회,김재윤,하츠(066130) 레인지후드 점유율 확대 지속,2022.05.13
4,코오롱글로벌 003070,매수, 한화투자증권,송유림,방어와 회복,2022.05.13
5,크래프톤 259960,매수, 한화투자증권,김소혜,기존 라인업 안정적 신작 기대감 서서히 반영 시점,2022.05.13
6,클래시스 214150,매수, 한화투자증권,김동하,주가와 달리 실적은 선방,2022.05.13
7,펄어비스 263750,매수, 한화투자증권,김소혜,차기 신작으로 개발력을 입증할 때까지,2022.05.13
8,이마트 139480,없음, IBK투자증권,안지영,이마트(139480) 디지털 통합으로 가는 기회비용,2022.05.13
9,미래에셋증권 006800,매수, 유안타증권,정태준,미래에셋증권(006800) PF와 자산 평가이익 호조로 실적 방어,2022.05.13
10,LG 003550,매수, 유안타증권,최남곤,LG(003550) 1Q22 리뷰: 계열사 부진으로 영업이익 소폭 감소,2022.05.13
11,KT 030200,없음, 유안타증권,최남곤,KT(030200) 1Q22 리뷰: DIGICO 전환 성과 입증,2022.05.13
12,KT&G 033780,매수, 유안타증권,박은정,KT&G(033780) 시장 기대치 상회,2022.05.13
13,KT 030200,매수, SK증권,최관순,KT(030200) 르네상스,2022.05.13
14,현대해상 001450,매수, 대신증권,"박혜진,임수진",현대해상(001450) 위험손해율은 1분기가 정점,2022.05.13
15,펄어비스 263750,매수, 대신증권,이지은,펄어비스(263750) 2022년 남아있는 붉은 사막 카드,2022.05.13
16,크래프톤 259960,매수, 대신증권,이지은,"크래프톤(259960) AAA 콘솔 게임, TCP 출시 기대감 유효",2022.05.13
17,삼성증권 016360,보유, 대신증권,"박혜진,임수진",삼성증권(016360) BK수수료 하락은 아쉬우나 여전히 자산관리의 명가,2022.05.13
18,미래에셋증권 006800,보유, 대신증권,박혜진,미래에셋증권(006800) 비 우호적인 환경에서 돋보인 트레이딩 수익,2022.05.13
19,KT 030200,매수, 대신증권,"김회재,이지은",KT(030200) Nice Shot! 여전히 지금이 제일 쌀 때,2022.05.13
20,DB손해보험 005830,매수, 대신증권,"박혜진,임수진","DB손해보험(005830) 자동차는 도울 뿐, 위험손해율 개선에 주목",2022.05.13
21,텔레칩스 054450,매수, 유진투자증권,정의훈,텔레칩스(054450) 다시 찾아온 기다림의 시간,2022.05.13
22,텔레칩스 054450,매수, 유진투자증권,박종선,텔레칩스(054450) 시장 기대치 상회하며 어닝서프라이즈 시현,2022.05.13
23,크래프톤 259960,매수, 유진투자증권,정의훈,크래프톤(259960) 저력을 보여주다,2022.05.13
24,씨앤투스성진 352700,없음, 유진투자증권,박종선,"씨앤투스성진(352700) 마스크 사업 여전, 에어필터 사업 회복 기대",2022.05.13
25,넷마블 251270,매수, 유진투자증권,정의훈,넷마블(251270) 타는 목마름으로,2022.05.13
26,셀트리온 068270,매수, SK증권,이달미,셀트리온(068270) 2022 년 1 분기 실적이 저점,2022.05.13
27,파라다이스 034230,매수, 유안타증권,이진협,파라다이스(034230) 1Q22 리뷰 : 곧 일본이 열린다,2022.05.13
28,KT 030200,매수, 메리츠증권,정지수,KT(030200) 실적으로 증명한 주가,2022.05.13
29,현대해상 001450,매수, 유안타증권,정태준,현대해상(001450) 손해율과 사업비율 모두 기대보다 양호,2022.05.13
30,DB손해보험 005830,매수, 이베스트증권,전배승,DB손해보험(005830) 고수익성 창출역량 지속,2022.05.13
31,KT 030200,매수, 이베스트증권,이승웅,"KT(030200) 좋다 좋다 했는데, 더 좋네",2022.05.13
32,SK바이오팜 326030,매수, 이베스트증권,강하나,"SK바이오팜(326030) 1Q22 Review: 예상 범위의 적전, 하반기 변화에 집중",2022.05.13
33,위메이드 112040,보유, SK증권,이소중,위메이드(112040) 2Q22 국내 미르M 출시 기대,2022.05.13
34,넷마블 251270,매수, 이베스트증권,성종화,넷마블(251270) 기존 라인업 부진에 따른 구조적 어닝쇼크,2022.05.13
35,오리온 271560,매수, SK증권,박찬솔,"오리온(271560) 2022 년에도 해외 고성장 지속, 마진율 영향은 2 분기에 확인",2022.05.13
36,매커스 093520,없음, 이베스트증권,정홍식,매커스(093520) 1Q22 Review: 영업이익 +79.1% YoY,2022.05.13
37,메리츠화재 000060,보유, 이베스트증권,전배승,메리츠화재(000060) 최대실적 지속 경신,2022.05.13
38,미창석유 003650,없음, 이베스트증권,정홍식,미창석유(003650) 1Q22 OP +86.9% YoY,2022.05.13
39,삼성화재 000810,매수, 유안타증권,정태준,손해율 개선으로 보험영업이익 흑자 달성,2022.05.13
40,이마트 139480,매수, 이베스트증권,오린아,이마트(139480) 1Q22 Review: 목표주가 하향,2022.05.13
41,롯데칠성 005300,매수, SK증권,박찬솔,롯데칠성(005300) 제로 카테고리의 성장과 주류부문의 개선이 동시에 진행 중,2022.05.13
42,펄어비스 263750,매수, 이베스트증권,성종화,펄어비스(263750) [BDM 중국] 전망치 추가 하향,2022.05.13
43,현대이지웰 090850,매수, 이베스트증권,조은애,현대이지웰(090850) 안정적 매출 성장에 더해지는 캡티브 마켓,2022.05.13
44,대상 001680,매수, SK증권,박찬솔,"대상(001680) P-Driven 성장, 특히 B2B 는 문제없다",2022.05.13
45,현대해상 001450,매수, 이베스트증권,전배승,현대해상(001450) 견조한 이익흐름 예상,2022.05.13
46,농심 004370,매수, SK증권,박찬솔,농심(004370) 역기저 효과 해소와 미국 신규 2 공장 가동되며 돌아온 성장 스토리,2022.05.13
47,KT&G 033780,매수, 하이투자증권,"이경신, 박이경",KT&G(033780) Safe Haven,2022.05.13
48,SPC삼립 005610,매수, SK증권,박찬솔,SPC삼립(005610) 캐릭터빵 수요를 창출한 능력자,2022.05.13
49,LG 003550,매수, SK증권,최관순,LG(003550) 보수적 가정에도 상승여력 충분,2022.05.13
50,와이지엔터테인먼트 122870,매수, 하이투자증권,박다겸,와이지엔터테인먼트(122870) 하반기를 기다리자,2022.05.13
51,삼성화재 000810,매수, 한화투자증권,김도하,"삼성화재(000810) 위험손해율 개선 , 조심스럽게 기대",2022.05.13
52,삼성증권 016360,매수, 유안타증권,정태준,삼성증권(016360) 증시 부진에도 양호한 운용성과 달성,2022.05.13
53,파라다이스 034230,매수, 메리츠증권,이효진,파라다이스(034230) 다운 사이징 진행 중,2022.05.13
54,와이지엔터테인먼트 122870,매수, 유안타증권,이혜인,와이지엔터테인먼트(122870) 2H22 에 집중될 모멘텀,2022.05.13
55,이마트 139480,매수, 유안타증권,이진협,"이마트(139480) 1Q22 리뷰 : 부진했지만 , 경쟁 완화를 엿본 실적",2022.05.13
56,신세계인터내셔날 031430,매수, 메리츠증권,하누리,신세계인터내셔날(031430) 1Q22 Review: 봄날이 온다,2022.05.13
57,천보 278280,매수, 유안타증권,김광진,천보(278280) 가격 하락 우려 과도 . F 전해질에 집중,2022.05.13
58,크래프톤 259960,매수, 유안타증권,이창영,크래프톤(259960) 실적은 좋 아 지고 신작은 다가오고,2022.05.13
59,와이지엔터테인먼트 122870,매수, 메리츠증권,이효진,와이지엔터테인먼트(122870) 마지막 남은 PER 30 배 미만 엔터주,2022.05.12
60,나스미디어 089600,매수, 유진투자증권,박종선,나스미디어(089600) 4분기 연속 두 자리 수 매출 성장 지속. Valuation 매력 보유,2022.05.12
61,한국가스공사 036460,매수, 메리츠증권,문경원,한국가스공사(036460) 1Q22 Review: 어려울 때 친구가 진짜 친구,2022.05.12
62,한온시스템 018880,보유, 메리츠증권,김준성,한온시스템(018880) 제한된 외형 성장 속 가혹한 인플레이션,2022.05.12
63,CJ ENM 035760,보유, 한화투자증권,김소혜,"CJ ENM(035760) 콘텐츠 투자 구간, 투자매력이 높은 시기는 아니다",2022.05.12
64,JW중외제약 001060,매수, 한화투자증권,김형수,JW중외제약(001060) 수익성 개선으로 튼튼해지고 있는 펀더멘탈,2022.05.12
65,동양생명 082640,매수, 한화투자증권,김도하,동양생명(082640) IFRS17 3년 소급이 가능한 여유,2022.05.12
66,신세계 004170,매수, 한화투자증권,남성현,신세계(004170) [1Q22 Review] 리오프닝 효과,2022.05.12
67,한온시스템 018880,매수, 한화투자증권,박준호,한온시스템(018880) [1Q22 Review] 인플레이션과 정면 충돌,2022.05.12
68,현대백화점 069960,매수, 한화투자증권,남성현,현대백화점(069960) 2분기 성장도 당연,2022.05.12
69,CJ ENM 035760,매수, 유진투자증권,이현지,CJ ENM(035760) 장밋빛 미래를 꿈꾸기에 너무 가혹한 현실,2022.05.12
70,이엔드디 101360,없음, IBK투자증권,이현욱,이엔드디(101360) 소입경 전구체 출격 대기중,2022.05.12
71,스튜디오드래곤 253450,매수, 메리츠증권,이효진,스튜디오드래곤(253450) 2 분기 어닝 서프라이즈 예상,2022.05.12
72,강원랜드 035250,매수, 메리츠증권,이효진,강원랜드(035250) 사이드 베팅 재개를 기다리며,2022.05.12
73,LG생활건강 051900,보유, 메리츠증권,하누리,LG생활건강(051900) 1Q22 Review: 어렵다,2022.05.12
74,GKL 114090,보유, 메리츠증권,이효진,GKL(114090) 3 월 luck 효과 본 1 분기,2022.05.12
75,키움증권 039490,매수, 유안타증권,정태준,키움증권(039490) 증권 실적은 서프라이즈,2022.05.12
76,쌍용C&E 003410,매수, 유안타증권,이진협,"쌍용C&E(003410) 원가 부담 가중, 판가 인상을 통한 실적 반등",2022.05.12
77,신세계 004170,매수, 유안타증권,이진협,신세계(004170) 1Q22 리뷰 : 백화점의 압도적 경쟁력,2022.05.12
78,동양생명 082640,매수, 유안타증권,정태준,동양생명(082640) 제도 변화에도 안정적인 모습 예상,2022.05.12
79,강원랜드 035250,매수, 유안타증권,이진협,강원랜드(035250) 1Q22 리뷰 : 어려운 환경에도 트래픽 회복 지속,2022.05.12
80,LG생활건강 051900,보유, 유안타증권,박은정,LG생활건강(051900) 진퇴양난(進退兩難),2022.05.12
81,LG생활건강 051900,매수, IBK투자증권,안지영,LG생활건강(051900) 중국 일변도(一邊倒) 역효과,2022.05.12
82,CJ프레시웨이 051500,매수, 하이투자증권,"이경신,박이경",CJ프레시웨이(051500) 구조적 개선이 이끌어낸 리오프닝 + α 효과,2022.05.12
83,키움증권 039490,매수, SK증권,구경회,키움증권(039490) 상승 모멘텀 부족하지만 PER 가 4 배에도 미달,2022.05.12
84,신세계 004170,매수, 대신증권,"유정현,정한솔",신세계(004170) 엔데믹 상황에서 최대 수혜주,2022.05.12
85,천보 278280,매수, 대신증권,전창현,"천보(278280) 22년 상저하고, 성장성은 유지",2022.05.12
86,LG생활건강 051900,매수, 대신증권,"한유정,정한솔",LG생활건강(051900) 쉽지 않았던 1분기,2022.05.12
87,팬오션 028670,매수, 대신증권,"양지환,이지니","팬오션(028670) Bulk, Non Bulk 다 좋다",2022.05.12
88,스튜디오드래곤 253450,매수, 대신증권,이지은,"스튜디오드래곤(253450) 적은 편성, 알찬 성과",2022.05.12
89,CJ ENM 035760,매수, 대신증권,이지은,CJ ENM(035760) 방송 사업의 재정비 과정,2022.05.12
90,한국타이어앤테크놀로지 161390,매수, 대신증권,김귀연,한국타이어앤테크놀로지(161390) 예상보다 양호했던 수익성,2022.05.12
91,한국타이어앤테크놀로지 161390,매수, 대신증권,김귀연,한국타이어앤테크놀로지(161390) 예상보다 양호했던 수익성,2022.05.12
92,삼성화재 000810,매수, 대신증권,"박혜진,임수진",삼성화재(000810) 손보사 실적 호조의 신호탄,2022.05.12
93,한온시스템 018880,보유, 대신증권,김귀연,"한온시스템(018880) 상반기 부진, 하반기 개선",2022.05.12
94,삼강엠앤티 100090,매수, 유진투자증권,한병화,삼강엠앤티(100090) 초대형 해양 구조물 공급 부족으로 차별화된 실적 시현,2022.05.12
95,신세계 004170,매수, 이베스트증권,오린아,신세계(004170) 1Q22 Review: 리오프닝 종합 선물세트,2022.05.12
96,스튜디오드래곤 253450,매수, 이베스트증권,안진아,스튜디오드래곤(253450) 조심스러운 출발,2022.05.12
97,더블유게임즈 192080,매수, 이베스트증권,성종화,더블유게임즈(192080) 성장성 부진 지속. 하반기 신작 몇 개는 주목/검증,2022.05.12
98,LG생활건강 051900,매수, 이베스트증권,오린아,LG생활건강(051900) 1Q22 Review: 건강을 되찾을 때까지,2022.05.12
99,CJ ENM 035760,매수, 이베스트증권,안진아,CJ ENM(035760) 성장성 유효 vs. 수익화 시점은 지연,2022.05.12
100,한온시스템 018880,보유, 유진투자증권,이재일,"한온시스템(018880) 1Q22Review: 실적 기대치 하회, 단기 M&A 동력 약화",2022.05.12
101,한국타이어앤테크놀로지 161390,매수, 유진투자증권,이재일,한국타이어앤테크놀로지(161390) 1Q22Review: 예상보다 양호한 가격 전가 능력,2022.05.12
102,한국가스공사 036460,적극매수, 유진투자증권,황성현,한국가스공사(036460) 미수금 우려 완화 전망,2022.05.12
103,와이지엔터테인먼트 122870,매수, 유진투자증권,이현지,와이지엔터테인먼트(122870) 그녀들을 기다리는 시간,2022.05.12
104,스튜디오드래곤 253450,매수, 유진투자증권,이현지,스튜디오드래곤(253450) 올라운더,2022.05.12
105,SK텔레콤 017670,매수, IBK투자증권,김장원,SK텔레콤(017670) 기세가 오른 실적,2022.05.12
106,신세계 004170,없음, IBK투자증권,안지영,신세계(004170) 백화점과 인터내셔날 중심으로 전사 시너지 강화,2022.05.12
107,쌍용C&E 003410,매수, 유안타증권,김기룡,"쌍용C&E(003410) 원가 부담 가중 , 판가 인상을 통한 실적 반등",2022.05.11
108,JW중외제약 001060,매수, 이베스트증권,강하나,JW중외제약(001060) 1Q22 Review: 걱정하지 마세요,2022.05.11
109,씨에스윈드 112610,매수, 메리츠증권,문경원,씨에스윈드(112610) 1Q22 Review: 피해가지 못한 업황 둔화의 그늘,2022.05.11
110,씨에스윈드 112610,매수, 유진투자증권,한병화,씨에스윈드(112610) 실적부진 주원인은 성장통 풍력시장 확대는 강화되고 있어,2022.05.11
111,SK텔레콤 017670,매수, 메리츠증권,정지수,SK텔레콤(017670) 1 위 사업자의 저력,2022.05.11
112,현대백화점 069960,매수, 유안타증권,이진협,현대백화점(069960) 1Q22 리뷰 : 백화점 수익성의 서프라이즈,2022.05.11
113,CJ대한통운 000120,매수, 메리츠증권,배기연,"CJ대한통운(000120) 1Q22 Review: 2 분기, 기대가 된다",2022.05.11
114,키움증권 039490,매수, 유안타증권,정태준,키움증권(039490) 증권 실적은 서프라이즈,2022.05.11
115,현대백화점 069960,매수, 대신증권,"유정현,정한솔",현대백화점(069960) 리오프닝으로 강한 패션 수요 당분간 지속될 전망,2022.05.11
116,엠씨넥스 097520,매수, 유안타증권,백길현,엠씨넥스(097520) 1Q22 Review: 전방시장 점검,2022.05.11
117,키움증권 039490,매수, 대신증권,"박혜진,임수진",키움증권(039490) 국내 9번째 종투사 진출,2022.05.11
118,BGF리테일 282330,매수, IBK투자증권,안지영,BGF리테일(282330) 진단키트 50억원 제외해도 영업이익 컨센서스 상회,2022.05.11
119,이노션 214320,매수, 대신증권,"김회재,이지은",이노션(214320) 의심하지 말지어다,2022.05.11
120,스카이라이프 053210,매수, 대신증권,"김회재,이지은","스카이라이프(053210) 본업 회복, 자회사 빠른 성장",2022.05.11
121,서울반도체 046890,매수, 대신증권,박강호,"서울반도체(046890) 1Q 부진, 2Q 매출 증가는 긍정적",2022.05.11
122,SK텔레콤 017670,없음, 대신증권,"김회재,이지은",SK텔레콤(017670) 견조한 무선. 신사업도 시동,2022.05.11
123,CJ대한통운 000120,없음, 대신증권,"양지환,이지니","CJ대한통운(000120) 예상을 하회했지만, 내용은 나쁘지 않았다.",2022.05.11
124,현대일렉트릭 267260,매수, IBK투자증권,이상현,현대일렉트릭(267260) 우호적인 수주환경으로 수익성 개선 기대,2022.05.11
125,현대백화점 069960,매수, IBK투자증권,안지영,현대백화점(069960) 백화점 약진과 면세점 환경 방어 2Q도 호조,2022.05.11
126,마이크로디지탈 305090,없음, IBK투자증권,이건재,마이크로디지탈(305090) 기술특례 → 흑자 기업 전환 성공!,2022.05.11
127,SK텔레콤 017670,매수, 유안타증권,최남곤,SK텔레콤(017670) 1Q22: 마케팅비용 자산상각 마무리 효과 확인,2022.05.11
128,CJ제일제당 097950,적극매수, 하이투자증권,이경신,CJ제일제당(097950) 진가가 발휘되는 구간,2022.05.11
129,이노션 214320,매수, SK증권,남효지,이노션(214320) 예상보다 컸던 BTL 재개 효과,2022.05.11
130,SK텔레콤 017670,매수, SK증권,최관순,SK텔레콤(017670) 수익성 개선과 성장동력 확보의 투트랙,2022.05.11
131,SK가스 018670,매수, SK증권,박한샘,"SK가스(018670) LPG 판가 상승, 이익의 JUMP",2022.05.11
132,NHN 181710,매수, 한화투자증권,김소혜,NHN(181710) 이익 성장 부진,2022.05.11
133,HK이노엔 195940,매수, 한화투자증권,김형수,"HK이노엔(195940) 1분기 쉬고, 2분기부터 시작될 성장스토리",2022.05.11
134,GS 078930,매수, 한화투자증권,전우제,GS(078930) 1Q22 Review (GS),2022.05.11
135,큐브엔터 182360,없음, 한양증권,박민주,큐브엔터(182360) 본업 점프업 & 진짜 메타버스 세상을 만들다,2022.05.11
136,LG화학 051910,매수, 이베스트증권,이안나,LG화학(051910) 배터리 생태계 흡수 중,2022.05.11
137,한화솔루션 009830,매수, 하이투자증권,전유진,한화솔루션(009830) 태양광에 점점 빛이 들어오기 시작할 하반기,2022.05.11
138,한국가스공사 036460,매수, 하이투자증권,전유진,한국가스공사(036460) 오히려 이런 시장에서 전반적인 대외요인들이 다 좋다,2022.05.11
139,POSCO홀딩스 005490,없음, 이베스트증권,안희수,POSCO홀딩스(005490) 국내 기업 중 배터리 소재 확보에 가장 적극적,2022.05.11
140,현대백화점 069960,매수, 이베스트증권,오린아,현대백화점(069960) 1Q22 Review: 괄목상대 백화점,2022.05.11
141,키움증권 039490,매수, 이베스트증권,전배승,키움증권(039490) 불황에도 기초체력은 유지,2022.05.11
142,정상제이엘에스 040420,매수, 이베스트증권,정홍식,정상제이엘에스(040420) 1Q22 Review: 영업이익 +16.3% YoY,2022.05.11
143,쌍용C&E 003410,매수, 이베스트증권,김세련,쌍용C&E(003410) 1Q22 Review: 더 반가울 2분기,2022.05.11
144,S-Oil 010950,매수, 하이투자증권,전유진,S-Oil(010950) 역설적인 화석연료 강세 사이클의 최대 수혜자,2022.05.11
145,SK텔레콤 017670,매수, 이베스트증권,이승웅,SK텔레콤(017670) 탄탄한 본업에 더해지는 신사업 기대감,2022.05.11
146,NHN한국사이버결제 060250,매수, 하이투자증권,김현기,NHN한국사이버결제(060250) 예상되었던 부진. 걱정하지 말자,2022.05.11
147,NHN 181710,매수, 이베스트증권,성종화,NHN(181710) Cost 상승에 따른 수익성 악화,2022.05.11
148,키움증권 039490,보유, 메리츠증권,은경완,키움증권(039490) 비우호적인 업황 지속,2022.05.11
149,SK네트웍스 001740,매수, 이베스트증권,오린아,SK네트웍스(001740) 1Q22 Review: 은은한 리오프닝 수혜주,2022.05.10
150,이노션 214320,매수, IBK투자증권,이환욱,이노션(214320) 1분기 실적 시장 컨센서스 상회,2022.05.10
151,한섬 020000,매수, 메리츠증권,하누리,한섬(020000) 1Q22 Review: 내수주가 편하다,2022.05.10
152,BGF리테일 282330,매수, 유안타증권,이진협,BGF리테일(282330) 1Q22 리뷰 : 성수기엔 얼마나 잘하려고?,2022.05.10
153,CJ제일제당 097950,매수, 유안타증권,박은정,"CJ제일제당(097950) 기대치 상회, 바이오 주도",2022.05.10
154,롯데렌탈 089860,매수, 유진투자증권,이재일,롯데렌탈(089860) 1Q22Review: 중고차/렌탈 부문 수익성 강 화로 기대치 상회,2022.05.10
155,롯데쇼핑 023530,매수, 유안타증권,이진협,롯데쇼핑(023530) 1Q22 리뷰 : 견고해 지는 펀더멘털,2022.05.10
156,이노션 214320,매수, 한화투자증권,김소혜,이노션(214320) 우려보다 나은 호실적,2022.05.10
157,롯데렌탈 089860,매수, 한화투자증권,김동하,롯데렌탈(089860) 실적 개선 추세 지속,2022.05.10
158,BGF리테일 282330,매수, 한화투자증권,남성현,BGF리테일(282330) [1Q22 Review] 1등의 품격,2022.05.10
159,한미반도체 042700,매수, 이베스트증권,"남대종,김광수",한미반도체(042700) 1Q22 잠정 실적 기대치 하회,2022.05.10
160,이노션 214320,매수, 이베스트증권,안진아,이노션(214320) 코로나 영향권을 벗어난지 오래,2022.05.10
161,웹젠 069080,매수, 이베스트증권,성종화,"웹젠(069080) 단기, 투자환경 타이트. 중기, 3Q22 론칭일정 2개 주목",2022.05.10
162,BGF리테일 282330,매수, 이베스트증권,오린아,BGF리테일(282330) 1Q22 Review: 서프라이즈,2022.05.10
163,현대홈쇼핑 057050,매수, 한화투자증권,남성현,현대홈쇼핑(057050) 1Q22 Review: 마진율 개선,2022.05.10
164,이노션 214320,매수, 유진투자증권,이현지,이노션(214320) 갈수록 좋아지는 실적,2022.05.10
165,KT&G 033780,매수, 메리츠증권,김정욱,"KT&G(033780) 1Q22 영업이익 3,019억원 전망",2022.05.09
166,롯데칠성 005300,매수, 메리츠증권,김정욱,롯데칠성(005300) 1Q22 영업이익 597억원 기록,2022.05.09
167,CJ프레시웨이 051500,매수, 메리츠증권,김정욱,CJ프레시웨이(051500) 1Q22 실적 영업이익 88억원 전망,2022.05.09
168,LS ELECTRIC 010120,매수, 한화투자증권,이봉진,LS ELECTRIC(010120) 수주잔고 확대로 매출 성장 및 이익 개선 본격화,2022.05.09
169,하이트진로 000080,매수, 메리츠증권,김정욱,하이트진로(000080) 1Q22 영업이익 530억원 전망,2022.05.09
170,GS리테일 007070,매수, 한화투자증권,남성현,GS리테일(007070) [ 1Q22 Review] 기대치를 큰 폭으로 하회,2022.05.09
171,LG에너지솔루션 373220,매수, 메리츠증권,노우호,LG에너지솔루션(373220) 1Q22 NDR Takeaways,2022.05.09
172,DGB금융지주 139130,매수, IBK투자증권,김은갑,"DGB금융지주(139130) 은행, 비은행 모두 실적개선 중",2022.05.09
173,JB금융지주 175330,매수, IBK투자증권,김은갑,JB금융지주(175330) 높은 이익증가율 지속,2022.05.09
174,BNK금융지주 138930,매수, IBK투자증권,김은갑,BNK금융지주(138930) 비은행 강화로 새로운 이익규모에 도달,2022.05.09
175,기업은행 024110,매수, IBK투자증권,김은갑,"기업은행(024110) 꾸준한 실적개선, 높은 배당수익률",2022.05.09
176,우리금융지주 316140,매수, IBK투자증권,김은갑,우리금융지주(316140) 이익창출력 크게 향상,2022.05.09
177,하나금융지주 086790,매수, IBK투자증권,김은갑,"하나금융지주(086790) 매력적인 Valuation, 높은 배당매력",2022.05.09
178,신한지주 055550,매수, IBK투자증권,김은갑,신한지주(055550) 꾸준한 실적과 앞서가는 자본정책,2022.05.09
179,KB금융 105560,매수, IBK투자증권,김은갑,"KB금융(105560) 안정적 사업구조, 이익증가세 지속",2022.05.09
180,신세계푸드 031440,매수, 한화투자증권,남성현,신세계푸드(031440) [ 1Q22 Review] 예상보다 부진,2022.05.09
181,한국금융지주 071050,매수, 유안타증권,정태준,한국금융지주(071050) 진정한 IB 명가,2022.05.09
182,카카오 035720,매수, 유안타증권,이창영,카카오(035720) 새로워질 카카오,2022.05.09
183,콘텐트리중앙 036420,매수, 대신증권,이지은,콘텐트리중앙(036420) 오래 기다리셨습니다,2022.05.09
184,엠씨넥스 097520,매수, 대신증권,박강호,엠씨넥스(097520) 2분기에 다시 뛰다,2022.05.09
185,KCC 002380,없음, 유안타증권,김기룡,KCC(002380) 어닝 서프라이즈! 견조한 이익과 성장성 재확인,2022.05.09
186,기가레인 049080,없음, 하이투자증권,이상헌,기가레인(049080) 올해부터 실적이 본궤도에 오를 듯,2022.05.09
187,이리츠코크렙 088260,매수, 이베스트증권,김세련,이리츠코크렙(088260) 편입 자산군 저변 확대 가능성이 주는 매력,2022.05.09
188,신한알파리츠 293940,매수, 이베스트증권,김세련,신한알파리츠(293940) 리파이낸싱을 통해 줄여가는 리스크,2022.05.09
189,롯데리츠 330590,매수, 이베스트증권,김세련,롯데리츠(330590) 나도 리오프닝,2022.05.09
190,켄코아에어로스페이스 274090,없음, 메리츠증권,정지수,켄코아에어로스페이스(274090) 나혼자만레벨업,2022.05.09
191,인텔리안테크 189300,없음, 메리츠증권,,인텔리안테크(189300) New Space 시대를선도하는기업,2022.05.09
192,콘텐트리중앙 036420,없음, 메리츠증권,이효진,콘텐트리중앙(036420) 4 분기 영수증이 청구된 1 분기,2022.05.09
193,롯데푸드 002270,매수, 메리츠증권,김정욱,롯데푸드(002270) 1Q22 영업이익 97억원 전망,2022.05.09
194,매일유업 267980,매수, 메리츠증권,김정욱,매일유업(267980) 1Q22 영업이익 188억원 전망,2022.05.09
195,풀무원 017810,매수, 메리츠증권,김정욱,풀무원(017810) 1Q22 영업이익 53억원 전망,2022.05.09
196,삼양식품 003230,매수, 메리츠증권,김정욱,삼양식품(003230) 1Q22 영업이익 211억원 전망,2022.05.09
197,현대그린푸드 005440,매수, 메리츠증권,김정욱,현대그린푸드(005440) 1Q22 영업이익 239억원 전망,2022.05.09
198,농심 004370,매수, 메리츠증권,김정욱,농심(004370) 1Q22 실적 영업이익 320억원 전망,2022.05.09
199,CJ제일제당 097950,매수, 메리츠증권,김정욱,"CJ제일제당(097950) 1Q22 영업이익 3,910억원 전망",2022.05.09
200,오리온 271560,매수, 메리츠증권,김정욱,"오리온(271560) 1Q22 영업이익 1,061억원 기록",2022.05.09
201,케이카 381970,매수, 유진투자증권,이재일,케이카(381970) 1Q22Review: 2분기부터 수익성 턴어라운드,2022.05.06
202,케이카 381970,매수, 한화투자증권,김동하,케이카(381970) 실적 정상화 중,2022.05.06
203,카카오 035720,매수, 한화투자증권,김소혜,카카오(035720) 글로벌 사업 구체화 시 탄력적 주가 상승 기대,2022.05.06
204,대한항공 003490,매수, 한화투자증권,박수영,대한항공(003490) [1Q22 Review] 어느 모로 보나 가장 좋다,2022.05.06
205,한국금융지주 071050,매수, 메리츠증권,은경완,한국금융지주(071050) IB와 트레이딩의 약진,2022.05.06
206,대한항공 003490,매수, 메리츠증권,배기연,대한항공(003490) 1Q22 Review: 인덱스를 이긴 호실적,2022.05.06
207,OCI 010060,매수, 메리츠증권,노우호,"OCI(010060) 1Q22 기저효과(Low), 분기별 이익 우상향 기대",2022.05.06
208,금호석유 011780,매수, 한화투자증권,전우제,금호석유(011780) 1Q22 Review (금호석유),2022.05.06
209,두산퓨얼셀 336260,매수, 유진투자증권,한병화,"두산퓨얼셀(336260) 수소법 통과, 정책 혼란 마무리 국면",2022.05.06
210,제테마 216080,없음, IBK투자증권,김태현,제테마(216080) 국내외 엔데믹 전환에 따른 필러 수요 확대 수혜,2022.05.06
211,금호석유 011780,매수, SK증권,박한샘,"금호석유(011780) 수익성 조정의 시기, 후반전을 기대",2022.05.06
212,아비코전자 036010,매수, SK증권,이동주,아비코전자(036010) 실적으로 증명,2022.05.06
213,오르비텍 046120,없음, SK증권,나승두,"오르비텍(046120) 이래도 좋고, 저래도 좋다",2022.05.06
214,이지트로닉스 377330,없음, SK증권,나승두,이지트로닉스(377330) 폐배터리로 ESS 만든다,2022.05.06
215,카카오 035720,매수, SK증권,최관순,카카오(035720) 다시 카카오톡,2022.05.06
216,엔피케이 048830,없음, SK증권,나승두,엔피케이(048830) 인체적용시험 품목이 늘어나는 만큼 증가하는 실적,2022.05.06
217,한국금융지주 071050,매수, SK증권,구경회,한국금융지주(071050) 수익 포트폴리오의 장점이 발휘될 것,2022.05.06
218,대한항공 003490,매수, 대신증권,"양지환, 이지니",대한항공(003490) 화물과 여객 Yield에 주목,2022.05.06
219,카카오 035720,매수, 대신증권,허지수,카카오(035720) 단기적 불확실성과 장기적 비전,2022.05.06
220,한국금융지주 071050,매수, 대신증권,"박혜진, 임수진",한국금융지주(071050) 비우호적인 업황에도 훌륭한 실적 달성,2022.05.06
221,하이브 352820,보유, 이베스트증권,오린아,하이브(352820) 1Q22 Review: 아쉬운 실적,2022.05.06
222,GS리테일 007070,보유, 유안타증권,이진협,GS리테일(007070) 1Q22 리뷰 : 기대를 걸기에는 과도한 투자비,2022.05.06
223,두산 000150,매수, IBK투자증권,김장원,두산(000150) 사업과 지분가치 상승 기대,2022.05.06
224,GS리테일 007070,매수, IBK투자증권,안지영,GS리테일(007070) 전사 성장통에도 편의점 회복 확인,2022.05.06
225,하이브 352820,매수, 하이투자증권,박다겸,하이브(352820) 본게임은 2 분기부터,2022.05.06
226,한국금융지주 071050,매수, 이베스트증권,전배승,한국금융지주(071050) 불황에 더욱 돋보이는 실적,2022.05.06
227,카카오 035720,매수, 이베스트증권,성종화,카카오(035720) 단기 모멘텀 타이트. 블록체인 경쟁력은 지속 주시,2022.05.06
228,대한항공 003490,매수, 이베스트증권,나민식,대한항공(003490) 차분한 판단이 필요한 시점,2022.05.06
229,금호석유 011780,보유, 이베스트증권,이안나,"금호석유(011780) 금호폴리켐 연결 제외 시, 컨센 부합",2022.05.06
230,하이브 352820,매수, 유안타증권,이혜인,하이브(352820) 2Q22 컴백 폭격 → 3Q22 투어 시작,2022.05.04
231,하나투어 039130,매수, 유안타증권,이진협,하나투어(039130) 1Q22 리뷰 : 긍정적 시각 유지,2022.05.04
232,코오롱인더 120110,매수, 유안타증권,황규원,코오롱인더(120110) 2022년 골프웨어 패션부문이 심상찮다!,2022.05.04
233,원익QnC 074600,매수, 유안타증권,이재윤,"원익QnC(074600) 22년 연간 OP 1,390억원 전망",2022.05.04
234,에코프로비엠 247540,매수, 유안타증권,김광진,에코프로비엠(247540) 실적 눈높이 대폭 상향 필요,2022.05.04
235,두산 000150,매수, 유안타증권,최남곤,두산(000150) 1Q22 리뷰 : DLS와 로보틱스의 사업 성과가 생각보다 빠르다,2022.05.04
236,카카오뱅크 323410,보유, 메리츠증권,은경완,카카오뱅크(323410) 성장에 대한 물음표,2022.05.04
237,카카오뱅크 323410,매수, 대신증권,"박혜진,임수진",카카오뱅크(323410) 둔화된 대출 성장률은 2분기부터 개선될 전망,2022.05.04
238,카카오게임즈 293490,매수, 대신증권,이지은,카카오게임즈(293490) 오딘 外 차기 신작 흥행 필요,2022.05.04
239,카카오 035720,매수, 대신증권,허지수,카카오(035720) 톡비즈의 안정적 성장과 콘텐츠 해외 진출 본격화,2022.05.04
240,에코프로비엠 247540,매수, 대신증권,전창현,에코프로비엠(247540) 매분기 최고치 경신,2022.05.04
241,심텍 222800,매수, 대신증권,박강호,"심텍(222800) 1Q도 깜작 실적, 2Q 성장 속에 저평가",2022.05.04
242,NAVER 035420,매수, 대신증권,허지수,NAVER(035420) 신사업 투자로 글로벌 진출 초석을 다지는 시기,2022.05.04
243,하이브 352820,매수, SK증권,남효지,"하이브(352820) 콘서트와 위버스, 두 개의 심장",2022.05.04
244,카카오페이 377300,보유, SK증권,최관순,카카오페이(377300) 하반기부터 본격화될 턴어라운드,2022.05.04
245,에코프로비엠 247540,매수, SK증권,"윤혁진,김두현",에코프로비엠(247540) 분기 매출액 1 조원과 연간 매출액 4 조원이 보인다!!,2022.05.04
246,하이브 352820,매수, IBK투자증권,이환욱,하이브(352820) 눈 높이를 낮추면 매수 기회,2022.05.04
247,롯데정보통신 286940,매수, IBK투자증권,이승훈,롯데정보통신(286940) 신사업 강화를 위한 체질 개선의 기간,2022.05.04
248,LIG넥스원 079550,매수, IBK투자증권,이상현,LIG넥스원(079550) 수주잔고 최고치 갱신 전망,2022.05.04
249,카카오게임즈 293490,매수, SK증권,이소중,카카오게임즈(293490) 앞당겨진 오딘 지역 확장 및 신작 우마무스메 출시 임박,2022.05.04
250,씨티씨바이오 060590,없음, 한양증권,오병용,씨티씨바이오(060590) 올해 완전 달라지는 기업. 주가는 그대로네?,2022.05.04
251,레이언스 228850,매수, 유진투자증권,박종선,레이언스(228850) 시장 기대치 부합한 안정적 실적 달성 지속,2022.05.04
252,카카오뱅크 323410,보유, 한화투자증권,김동하,카카오뱅크(323410) Mix 변화가 두드러지는 국면,2022.05.04
253,카카오게임즈 293490,매수, 한화투자증권,김소혜,카카오게임즈(293490) 신작과 투자사업 모두 글로벌로 정조준,2022.05.04
254,카카오뱅크 323410,매수, 하이투자증권,정원석,"카카오뱅크(323410) 1Q22 Review: P↑, Q -, C↑",2022.05.04
255,에코프로비엠 247540,매수, 하이투자증권,정원석,에코프로비엠(247540) 출하량(Q) 증가+판가(P) 상승 효과,2022.05.04
256,하이브 352820,매수, 이베스트증권,안진아,"하이브(352820) 2분기, 반등을 노리며",2022.05.04
257,카카오게임즈 293490,매수, 이베스트증권,성종화,카카오게임즈(293490) 단기적으론 [우마무스메 한국] 히트 수준 중요,2022.05.04
258,에코프로비엠 247540,매수, 이베스트증권,이안나,에코프로비엠(247540) 이만한 배터리 소재 기업이 없다,2022.05.04
259,바텍 043150,없음, 이베스트증권,정홍식,바텍(043150) 1Q22 Review: 고성장 유지,2022.05.04
260,대교 019680,보유, 이베스트증권,정홍식,대교(019680) 1Q22 Review: 아직은 기다림의 시기,2022.05.04
261,바텍 043150,매수, 유진투자증권,박종선,"바텍(043150) 실적 성장 지속, 2분기 최대 실적 달성 전망",2022.05.04
262,에코프로비엠 247540,매수, 유진투자증권,한병화,에코프로비엠(247540) 탄탄해지는 성장 가시성 목표주가 상향,2022.05.04
263,제노코 361390,없음, 유진투자증권,박종선,"제노코(361390) 안정적인 실적 지속, 2분기 최대 실적 전망",2022.05.04
264,칩스앤미디어 094360,없음, 유진투자증권,박종선,칩스앤미디어(094360) 안정적 로열티 매출로 수익성 개선 지속 전망. Valuation 매력 보유,2022.05.04
265,카카오게임즈 293490,매수, 유진투자증권,정의훈,"카카오게임즈(293490) 오딘이 순풍을 타긴 했으나,",2022.05.04
266,레이언스 228850,매수, 이베스트증권,정홍식,레이언스(228850) 1Q22 Review: Sales +14.7% YoY,2022.05.04
267,LG디스플레이 034220,보유, 이베스트증권,"남대종,김광수",LG디스플레이(034220) 2Q22 여전히 높은 불확실성,2022.05.04
268,하이브 352820,매수, 유진투자증권,이현지,하이브(352820) FEARLESS,2022.05.04
269,파트론 091700,매수, 대신증권,박강호,"파트론(091700) 1Q 호조, 전장향 카메라 매출 확대",2022.05.03
270,한국항공우주 047810,매수, IBK투자증권,이상현,한국항공우주(047810) 리오프닝 회복과 완제기 수주 기대,2022.05.03
271,SK하이닉스 000660,단기매수, 이베스트증권,"남대종,김광수",SK하이닉스(000660) 2H22 수요 불확실성은 지속될 것이나...,2022.05.03
272,LG이노텍 011070,매수, 이베스트증권,김광수,LG이노텍(011070) 1Q22 리뷰: 늘어난 매출 vs. 줄어든 이익률,2022.05.03
273,DL이앤씨 375500,매수, 이베스트증권,김세련,DL이앤씨(375500) 1Q22 Review: 흔들리다,2022.05.03
274,한솔케미칼 014680,매수, 하이투자증권,정원석,한솔케미칼(014680) 부담 없이 살수 있는 구간,2022.05.03
275,솔루엠 248070,매수, 하이투자증권,고의영,솔루엠(248070) 정해진 길,2022.05.03
276,롯데칠성 005300,매수, 하이투자증권,이경신,롯데칠성(005300) 무엇을 상상하든 그 이상,2022.05.03
277,DL이앤씨 375500,매수, 하이투자증권,배세호,DL이앤씨(375500) 1Q22 Review: 낮아진 눈높이,2022.05.03
278,롯데칠성 005300,매수, 대신증권,"한유정,정한솔","롯데칠성(005300) 걱정거리 하나 없는 단기, 중기, 장기 전망",2022.05.03
279,녹십자 006280,매수, 대신증권,"임윤진,한송협",녹십자(006280) 자회사 실적에 힘입은 어닝 서프라이즈,2022.05.03
280,F&F 383220,매수, 대신증권,"유정현,정한솔",F&F(383220) 락다운 해제 염두한 투자 전략 필요,2022.05.03
281,메리츠증권 008560,보유, 유안타증권,정태준,메리츠증권(008560) 다양한 이익 회수로 서프라이즈 달성,2022.05.03
282,롯데칠성 005300,매수, 유안타증권,박은정,롯데칠성(005300) 비수기에 서프라이즈,2022.05.03
283,DL이앤씨 375500,매수, 유안타증권,김기룡,"DL이앤씨(375500) 자회사 실적 급감, 점진적 회복 기대",2022.05.03
284,뷰웍스 100120,없음, 이베스트증권,정홍식,뷰웍스(100120) 1Q22 Sales +26.9% YoY,2022.05.03
285,솔루엠 248070,매수, 이베스트증권,조은애,솔루엠(248070) 1Q22 Review: 전자부품 턴어라운드 시작,2022.05.03
286,삼성전자 005930,매수, 이베스트증권,남대종,삼성전자(005930) 2Q22 실적의 Key point는 MX 부문,2022.05.03
287,한화에어로스페이스 012450,매수, 한화투자증권,이봉진,한화에어로스페이스(012450) 해외수주 호조에도 상대적으로 덜 오른 방산주,2022.05.03
288,한화생명 088350,매수, 한화투자증권,김동하,한화생명(088350) 공정가치법 적용 시 손익 유지될 전망,2022.05.03
289,한라 014790,매수, 한화투자증권,송유림,한라(014790) 난 좀 달라,2022.05.03
290,한국항공우주 047810,매수, 한화투자증권,이봉진,한국항공우주(047810) 기체부품 시장 회복되며 예상을 상회한 호실적 기록,2022.05.03
291,종근당 185750,매수, 한화투자증권,김형수,"종근당(185750) 1분기는 극복, 2분기는 회복",2022.05.03
292,엠로 058970,매수, 한화투자증권,김동하,엠로(058970) SCM 시장 성장성 확인,2022.05.03
293,녹십자 006280,매수, 한화투자증권,김형수,녹십자(006280) 자체 전문의약품과 자회사가 견인한 1분기 호실적,2022.05.03
294,교촌에프앤비 339770,매수, 한화투자증권,남성현,교촌에프앤비(339770) 인플레이션 압박과 기저,2022.05.03
295,DL 000210,매수, 한화투자증권,전우제,DL(000210) 1Q22 Review (DL),2022.05.03
296,HB솔루션 297890,없음, 한화투자증권,김동하,HB솔루션(297890) 시동은 걸었다,2022.05.03
297,F&F 383220,매수, 메리츠증권,하누리,F&F(383220) 1Q22 Review: 바텀 피싱,2022.05.03
298,에이치시티 072990,매수, 이베스트증권,정홍식,에이치시티(072990) 1Q22 Review: 분기 최대 매출액,2022.05.03
299,만도 204320,매수, 한화투자증권,박준호,만도(204320) [1Q22 Review] 예고편에 불과한 Outperform,2022.05.03
300,현대글로비스 086280,매수, 대신증권,"양지환, 이지니",현대글로비스(086280) PCTC와 CKD의 콜라보,2022.05.02
301,호텔신라 008770,매수, 대신증권,"유정현,정한솔",호텔신라(008770) 하반기 내국인 면세 수요 회복 예상,2022.05.02
302,동국제강 001230,매수, 유안타증권,이현수,동국제강(001230) 1Q22 Review: 예상보다 단단한 이익 체력,2022.05.02
303,롯데정보통신 286940,매수, 유안타증권,이창영,롯데정보통신(286940) 눈에 보이는 성장,2022.05.02
304,아프리카TV 067160,매수, 유안타증권,이창영,아프리카TV(067160) 사용자수 정체,2022.05.02
305,한샘 009240,매수, 유안타증권,김기룡,"한샘(009240) 실적 예상치 하회, 변화에 필요한 시간",2022.05.02
306,한화 000880,매수, 유안타증권,최남곤,한화(000880) 1Q22 실적 리뷰: 방산·2차전지 기계 매출 호조에 따른 별 도 수익성 개선,2022.05.02
307,한화생명 088350,매수, 유안타증권,정태준,한화생명(088350) CSM 가이던스의 함의,2022.05.02
308,호텔신라 008770,매수, 유안타증권,이진협,호텔신라(008770) 1Q22 리뷰 : 보릿고개를 넘는 중,2022.05.02
309,SK이노베이션 096770,매수, 유진투자증권,황성현,SK이노베이션(096770) 탄소 르네상스,2022.05.02
310,한화 000880,매수, 대신증권,"양지환, 이지니","한화(000880) 금융, 건설 부진으로 하회",2022.05.02
311,종근당 185750,매수, 대신증권,"임윤진,한송협",종근당(185750) 판관비 증가로 영업이익 시장 기대치 하회,2022.05.02
312,유한양행 000100,매수, 대신증권,"임윤진,한송협",유한양행(000100) 실적보다 R&D에 주목하자,2022.05.02
313,만도 204320,매수, 대신증권,김귀연,"만도(204320) 1분기 실적 호조, 포트폴리오의 힘!",2022.05.02
314,동국제강 001230,매수, 대신증권,이태환,동국제강(001230) 기대 이상의 별도 외 이익 증가,2022.05.02
315,KT&G 033780,매수, 대신증권,"한유정,정한솔",KT&G(033780) 담배는 끊었습니다,2022.05.02
316,한화 000880,매수, SK증권,최관순,한화(000880) 1 분기 저점으로 점진적 실적개선 전망,2022.05.02
317,삼성SDI 006400,매수, SK증권,윤혁진,"삼성SDI(006400) Gen5 EV 전지, 원형전지, 전자재료의 호실적 삼박자",2022.05.02
318,골프존 215000,매수, SK증권,윤혁진,골프존(215000) 1 분기 실적 또 라베: 전 국민이 골프 선수가 되려나?,2022.05.02
319,골프존 215000,매수, 유진투자증권,박종선,골프존(215000) 분기 최고 실적과 함께 어닝서프라이즈 시현. 목표주가 상향,2022.05.02
320,한화에어로스페이스 012450,매수, 유진투자증권,정의훈,한화에어로스페이스(012450) 한화테크윈 하드 캐리,2022.05.02
321,현대글로비스 086280,매수, 메리츠증권,배기연,현대글로비스(086280) 1Q22 Review: 높은 가격 x 물량 회복 = 눈높이 상향,2022.05.02
322,만도 204320,매수, 메리츠증권,김준성,만도(204320) 고객 다변화를 통한 성공적 위기 대응,2022.05.02
323,콘텐트리중앙 036420,매수, IBK투자증권,이환욱,콘텐트리중앙(036420) K-콘텐츠의 중심 ‘콘텐트리중앙’,2022.05.02
324,제일기획 030000,매수, IBK투자증권,이환욱,제일기획(030000) 올해 시작이 너무 좋다,2022.05.02
325,호텔신라 008770,매수, IBK투자증권,안지영,"호텔신라(008770) 시황 악화와 비용 부담, 최저점 확인",2022.05.02
326,대우건설 047040,매수, 한화투자증권,송유림,대우건설(047040) [1Q22 Review] 반전이 되어 돌아왔다,2022.05.02
327,SK아이이테크놀로지 361610,매수, 한화투자증권,이용욱,"SK아이이테크놀로지(361610) 실적 저점 확인, 하반기 개선에 주목",2022.05.02
328,LIG넥스원 079550,매수, 한화투자증권,이봉진,LIG넥스원(079550) 수출 비중 빠르게 늘면서 큰 폭의 실적 개선 전망,2022.05.02
329,GS건설 006360,매수, 한화투자증권,송유림,GS건설(006360) [1Q22 Review] 시선을 어디 두느냐에 따라,2022.05.02
330,세아베스틸지주 001430,매수, 하이투자증권,김윤상,세아베스틸지주(001430) 우려 보다는 나은 상황,2022.05.02
331,코엔텍 029960,없음, 하이투자증권,이상헌,코엔텍(029960) 올해 LNG 가격 상승으로 실적 개선 가속화,2022.05.02
332,SK이노베이션 096770,매수, 이베스트증권,이안나,SK이노베이션(096770) 에너지 부문으로 인한 호실적,2022.05.02
333,웹젠 069080,매수, 이베스트증권,성종화,"웹젠(069080) [뮤오리진3 한국] 모멘텀 종료, 새 일정은 3Q22부터",2022.05.02
334,한샘 009240,매수, 이베스트증권,김세련,한샘(009240) 1Q22 Review: 매크로가 야속해,2022.05.02
335,한화생명 088350,보유, 이베스트증권,전배승,한화생명(088350) 추가비용 반영으로 실적 예상하회,2022.05.02
336,효성티앤씨 298020,보유, 이베스트증권,이안나,"효성티앤씨(298020) 1분기, 어닝 쇼크 기록",2022.05.02
337,동국제강 001230,매수, 하이투자증권,김윤상,동국제강(001230) 좋아진 체력,2022.05.02
338,만도 204320,매수, 하이투자증권,신윤철,만도(204320) 영업외손실 확대가 동반된 서프라이즈,2022.05.02
339,삼성SDI 006400,매수, 대신증권,박강호,"삼성SDI(006400) 1Q 호조, 차별화는 수익성 우위~",2022.04.29
340,아모레퍼시픽 090430,매수, 메리츠증권,하누리,"아모레퍼시픽(090430) 1Q22 Review: 우려 가고, 기대 온다",2022.04.29
341,삼성전자 005930,매수, 메리츠증권,김선우,삼성전자(005930) 멀티플 하방 압력 속 실적 모멘텀 점증,2022.04.29
342,삼성SDI 006400,없음, 메리츠증권,김선우,"삼성SDI(006400) 1Q22 실적 Review, 설명회 Q&A 정리",2022.04.29
343,기아 000270,매수, 메리츠증권,"김준성, 장재혁",기아(000270) 재고 restocking cycle 시작,2022.04.29
344,고려아연 010130,매수, 메리츠증권,문경원,고려아연(010130) 1Q22 Review: 일시적 판매량 부진보다 신규 투자에 주목,2022.04.29
345,SNT모티브 064960,보유, 메리츠증권,"김준성, 장재혁",SNT모티브(064960) 외형 성장에 대한 물음표 지속,2022.04.29
346,OCI 010060,없음, 메리츠증권,노우호,OCI(010060) 1Q22 Review: 패를 쥐고 있다,2022.04.29
347,DGB금융지주 139130,매수, 메리츠증권,은경완,DGB금융지주(139130) PER 2.9배에 불과한 주가,2022.04.29
348,BNK금융지주 138930,매수, 메리츠증권,은경완,BNK금융지주(138930) 밸류에이션 콜 가능 구간,2022.04.29
349,제일기획 030000,매수, 대신증권,"김희재, 이지은",제일기획(030000) 꾸준한 노력의 결과,2022.04.29
350,오리온 271560,매수, 대신증권,"한유정, 정한솔",오리온(271560) 최고경영자 주관 간담회 참석 후기,2022.04.29
351,세아베스틸지주 001430,매수, 유안타증권,이현수,세아베스틸지주(001430) 1Q22 Review: 분할 이후 대두되는 역할론,2022.04.29
352,삼성전자 005930,매수, 유안타증권,이재윤,삼성전자(005930) 중국 Lockdown 해제 → 메모리 개선 가속화,2022.04.29
353,아모레퍼시픽 090430,보유, 대신증권,"한유정, 정한솔","아모레퍼시픽(090430) 아쉬운 매출, 놀라운 이익",2022.04.29
354,삼성에스디에스 018260,매수, 유안타증권,이창영,삼성에스디에스(018260) 어려울때 빛이 나는,2022.04.29
355,세아베스틸지주 001430,매수, 대신증권,이태환,세아베스틸지주(001430) 예상 범위 내 원가 상승,2022.04.29
356,아이티센 124500,없음, SK증권,나승두,아이티센(124500) 실적으로 나타난 성공적 틈새시장 공략,2022.04.29
357,파수 150900,없음, SK증권,나승두,파수(150900) 세계가 인정한 데이터 보안 전문 기업,2022.04.29
358,한화솔루션 009830,매수, SK증권,박한샘,한화솔루션(009830) 하반기 태양광 회복의 기다림,2022.04.29
359,HD현대 267250,매수, 대신증권,"양지환, 이지니",HD현대(267250) 오일뱅크 덕에 깜짝 실적,2022.04.29
360,LG전자 066570,매수, 대신증권,박강호,"LG전자(066570) 2Q 둔화, 3Q 회복 예상",2022.04.29
361,고려아연 010130,매수, 대신증권,이태환,"고려아연(010130) 숨 고른 1분기, 큰 그림은 여전히 좋다",2022.04.29
362,대우건설 047040,매수, 대신증권,"이동헌, 이지니","대우건설(047040) 원가 부담이 아닌 환입, 담보된 성장",2022.04.29
363,DGB금융지주 139130,매수, IBK투자증권,김은갑,"DGB금융지주(139130) 은행, 비은행 모두 큰 폭의 이익증가",2022.04.29
364,LG전자 066570,매수, IBK투자증권,김운호,LG전자(066570) 1분기는 1회성 이익과 비용이 혼재,2022.04.29
365,아모레퍼시픽 090430,매수, IBK투자증권,안지영,아모레퍼시픽(090430) 영업 효율화와 설화수 럭셔리 리포지셔닝 효과,2022.04.29
366,제이브이엠 054950,매수, IBK투자증권,이건재,제이브이엠(054950) 구조적 변화 확인,2022.04.29
367,LG전자 066570,매수, SK증권,이동주,LG전자(066570) SET 수요 침체기,2022.04.29
368,S-Oil 010950,매수, SK증권,박한샘,S-Oil(010950) 정제마진 자체가 보여주는 시기,2022.04.29
369,모아데이타 288980,없음, SK증권,나승두,모아데이타(288980) 인공지능 기반 이상 탐지가 필요한 이유,2022.04.29
370,삼성에스디에스 018260,매수, SK증권,최관순,삼성에스디에스(018260) 1 분기 호실적 기록. 향후 실적이 주가에 미치는 영향 확대될 것,2022.04.29
371,고려아연 010130,매수, 하이투자증권,"김윤상, 전병현",고려아연(010130) 계속 들고 가야 할 주식,2022.04.29
372,아모레퍼시픽 090430,매수, 이베스트증권,오린아,아모레퍼시픽(090430) 1Q22 Review: 터널의 끝이 보이네요,2022.04.29
373,대우건설 047040,매수, 이베스트증권,김세련,대우건설(047040) 1Q22 Review: 일회성도 반가운 1분기,2022.04.29
374,삼성에스디에스 018260,매수, 한화투자증권,김소혜,삼성에스디에스(018260) 위축됐던 기업 투자 수요가 가파르게 증가한다면,2022.04.29
375,대웅제약 069620,매수, 한화투자증권,김형수,"대웅제약(069620) 상반기는 나보타, 하반기는 펙수클루가 선봉장",2022.04.29
376,풍산 103140,매수, 하이투자증권,"김윤상, 전병현",풍산(103140) 전기동 모멘텀 둔화 vs 방산 호조,2022.04.29
377,삼성전자 005930,매수, 하이투자증권,송명섭,삼성전자(005930) 저점 매수 가능 가격대에 진입 중,2022.04.29
378,삼성SDI 006400,매수, 하이투자증권,"정원석, 박상욱",삼성SDI(006400) 예상보다 견조한 EV 배터리 수요,2022.04.29
379,대우건설 047040,매수, 하이투자증권,배세호,대우건설(047040) 안정적인 수익성 확인,2022.04.29
380,대우건설 047040,매수, 유안타증권,김기룡,대우건설(047040) 기대감을 높였던 호실적,2022.04.29
381,DGB금융지주 139130,없음, 하이투자증권,김현기,DGB금융지주(139130) 일회성 요인 제외해도 컨센서스 상회,2022.04.29
382,LG전자 066570,매수, 하이투자증권,고의영,LG전자(066570) 높아진 기대치도 상회한 실적,2022.04.29
383,한화솔루션 009830,매수, 이베스트증권,이안나,한화솔루션(009830) 하반기를 노려보자,2022.04.29
384,한국전력 015760,매수, 이베스트증권,나민식,한국전력(015760) 1Q22 Review: 컨센 대비 상회하는 실적 기록,2022.04.29
385,에스원 012750,매수, 이베스트증권,김세련,에스원(012750) 1Q22 Review: 비싼 방어주,2022.04.29
386,인텔리안테크 189300,없음, 한화투자증권,김동하,인텔리안테크(189300) 분기부터,2022.04.29
387,제일기획 030000,매수, 한화투자증권,김소혜,제일기획(030000) 1분기 실적은 컨센서스 상회,2022.04.29
388,아모레퍼시픽 090430,매수, 유안타증권,박은정,아모레퍼시픽(090430) 드러나는 효율화 효과,2022.04.29
389,삼성SDI 006400,매수, 유안타증권,김광진,삼성SDI(006400) 더욱 기대되는 2분기,2022.04.29
390,고려아연 010130,매수, 유안타증권,이현수,"고려아연(010130) 1Q22 Review: 아연과 연, 서로 다른 미래",2022.04.29
391,LX하우시스 108670,매수, 유안타증권,김기룡,"LX하우시스(108670) 예상치 하회, 더딘 마진율 개선",2022.04.29
392,아모레G 002790,매수, 유안타증권,박은정,아모레G(002790) 하반기 모멘텀 확대 기대,2022.04.29
393,DGB금융지주 139130,매수, 유안타증권,정태준,DGB금융지주(139130) 4년만에 돌아온 50% 미만 경비율,2022.04.29
394,BNK금융지주 138930,매수, 유안타증권,정태준,BNK금융지주(138930) 양호한 자산건전성으로 호실적 달성,2022.04.29
395,제일기획 030000,매수, 메리츠증권,정지수,제일기획(030000) 디지털 전환 가속화,2022.04.29
396,DGB금융지주 139130,매수, 이베스트증권,전배승,DGB금융지주(139130) 성장탄력 둔화에도 견조한 이익력 유지,2022.04.29
397,BNK금융지주 138930,매수, 이베스트증권,전배승,BNK금융지주(138930) 업종 내 할인요인 축소 국면 예상,2022.04.29
398,제일기획 030000,매수, 유진투자증권,이현지,제일기획(030000) 너무 싼 미슐랭 맛집,2022.04.29
399,삼성전자 005930,매수, 유진투자증권,이승우,삼성전자(005930) 복합 역풍 속에서도 2분기 실적 개선 예상,2022.04.29
400,더존비즈온 012510,매수, 유진투자증권,박종선,"더존비즈온(012510) 시장 기대치 부합, 하반기 실적 회복 기대",2022.04.29
401,풍산 103140,매수, 유안타증권,이현수,"풍산(103140) 1Q22 Review: 지금까진 신동, 이제는 방산",2022.04.29
402,JW중외제약 001060,매수, 이베스트증권,강하나,JW중외제약(001060) NDR후기: 제약 Top pick,2022.04.29
403,한미약품 128940,매수, 대신증권,임윤진,한미약품(128940) 자회사 실적 호조로 기대치 상회,2022.04.28
404,LG디스플레이 034220,매수, 메리츠증권,김선우,LG디스플레이(034220) 단기 수요 공백기 통과 중,2022.04.28
405,LG에너지솔루션 373220,없음, 메리츠증권,노우호,LG에너지솔루션(373220) 2022 년 가이던스 상향 여지가 남겨져,2022.04.28
406,S-Oil 010950,없음, 메리츠증권,노우호,S-Oil(010950) 1Q22 Review: 정유부문 호조 확인,2022.04.28
407,SK하이닉스 000660,매수, 메리츠증권,김선우,SK하이닉스(000660) 불투명한 수요 vs 생산 불확실성,2022.04.28
408,두산퓨얼셀 336260,매수, 메리츠증권,문경원,"두산퓨얼셀(336260) 1Q22 Review: 힘겨운 실적, 열리는 시장",2022.04.28
409,삼성물산 028260,매수, 메리츠증권,은경완,삼성물산(028260) 외형과 수익성 모두 기대 이상,2022.04.28
410,삼성전기 009150,매수, 대신증권,박강호,"삼성전기(009150) 1Q 호조, 전장향 매출 확대",2022.04.28
411,삼성바이오로직스 207940,매수, 대신증권,임윤진,삼성바이오로직스(207940) 높아진 기대치를 뛰어넘은 실적,2022.04.28
412,두산밥캣 241560,매수, 대신증권,"이동헌,이지니",두산밥캣(241560) 공급자 우위에 따른 판가 전가로 서프라이즈,2022.04.28
413,LIG넥스원 079550,매수, 대신증권,"이동헌,이지니","LIG넥스원(079550) Level Up, Beyond 2015",2022.04.28
414,LG이노텍 011070,매수, 대신증권,박강호,"LG이노텍(011070) 1Q 호조, 2Q 및 하반기도 좋다",2022.04.28
415,삼성물산 028260,매수, 이베스트증권,이승웅,삼성물산(028260) 완벽한 펀더멘탈,2022.04.28
416,GS건설 006360,매수, 유안타증권,김기룡,GS건설(006360) 아쉬운 실적과 개선 포인트의 기대감,2022.04.28
417,LG이노텍 011070,매수, 유안타증권,백길현,LG이노텍(011070) 1Q22 Review: 명확한 중장기 성장 방향성,2022.04.28
418,SK하이닉스 000660,매수, 유안타증권,,SK하이닉스(000660) 이제는 우려보다는 가능성을 볼 시점,2022.04.28
419,S-Oil 010950,적극매수, 유안타증권,황규원,S-Oil(010950) 2022년 정제마진에 이어 배당 매력이 이어진다!,2022.04.28
420,삼성전기 009150,매수, 유안타증권,백길현,"삼성전기(009150) 1Q22 Review: 변동성 축소, 성장 가시성 확보",2022.04.28
421,GS건설 006360,매수, 하이투자증권,배세호,GS건설(006360) 원자재 가격 상승에도 이익 전망 맑음,2022.04.28
422,LG디스플레이 034220,매수, 하이투자증권,정원석,LG디스플레이(034220) 쉽지 않은 길,2022.04.28
423,LG이노텍 011070,매수, 하이투자증권,고의영,"LG이노텍(011070) P, Q, M/S 모두 이상 없음",2022.04.28
424,LG화학 051910,매수, 하이투자증권,전유진,LG화학(051910) 요즘 같은 시황에 빛을 발하는 포트폴리오,2022.04.28
425,SK아이이테크놀로지 361610,매수, 하이투자증권,정원석,SK아이이테크놀로지(361610) 실적 바닥은 나왔다,2022.04.28
426,SK하이닉스 000660,매수, 하이투자증권,송명섭,SK하이닉스(000660) 저점 매수 가능 가격대에 진입 중,2022.04.28
427,롯데정밀화학 004000,매수, 하이투자증권,전유진,롯데정밀화학(004000) 2 분기 증익도 조심스레 기대해봅니다,2022.04.28
428,삼성전기 009150,매수, 하이투자증권,고의영,삼성전기(009150) 남은 것은 시간 싸움,2022.04.28
429,LG에너지솔루션 373220,매수, 대신증권,전창현,LG에너지솔루션(373220) 테슬라가 다했다,2022.04.28
430,삼성바이오로직스 207940,매수, 이베스트증권,강하나,삼성바이오로직스(207940) 1Q22 Review: 월드클래스의 굳건한 길,2022.04.28
431,삼성물산 028260,매수, IBK투자증권,김장원,삼성물산(028260) 역대 최고 실적,2022.04.28
432,삼강엠앤티 100090,매수, 유진투자증권,한병화,"삼강엠앤티(100090) 초대형 신공장 증설 시작 글로벌 LNG, 해상풍력 수요 증가로 수혜",2022.04.28
433,LG에너지솔루션 373220,보유, SK증권,"윤혁진,김두현","LG에너지솔루션(373220) 하반기부터 판매량, 판가, 수익성, 생산능력 다 증가 전망",2022.04.28
434,두산퓨얼셀 336260,매수, 유진투자증권,한병화,"두산퓨얼셀(336260) 정책 혼란으로 단기 실적 부진하나, 정책 지원 유지 예상",2022.04.28
435,고영 098460,매수, 유진투자증권,박종선,고영(098460) 중국 락다운 불구 2분기도 최고 실적 전망,2022.04.28
436,LG이노텍 011070,없음, SK증권,이동주,LG이노텍(011070) 시장과 다른 센티먼트,2022.04.28
437,S-Oil 010950,매수, 유진투자증권,황성현,S-Oil(010950) 전쟁 수혜,2022.04.28
438,LIG넥스원 079550,매수, 유진투자증권,정의훈,LIG넥스원(079550) 든든하다,2022.04.28
439,롯데정밀화학 004000,매수, SK증권,박한샘,롯데정밀화학(004000) 실적으로 보이는 펀더멘털,2022.04.28
440,LG화학 051910,매수, 유진투자증권,"황성현, 이유진",LG화학(051910) 첨단소재 서프라이즈,2022.04.28
441,LG에너지솔루션 373220,매수, 유진투자증권,"황성현, 이유진",LG에너지솔루션(373220) 비메탈도 판가 연동,2022.04.28
442,LG화학 051910,매수, 이베스트증권,이안나,LG화학(051910) 여전히 투자 매력도 높다,2022.04.28
443,LG에너지솔루션 373220,매수, 이베스트증권,이안나,"LG에너지솔루션(373220) 1분기, 어닝 서프라이즈 기록",2022.04.28
444,삼성바이오로직스 207940,매수, SK증권,이달미,삼성바이오로직스(207940) 2022 년 1 분기 호실적 시현!,2022.04.28
445,GS건설 006360,매수, 이베스트증권,김세련,GS건설(006360) 1Q22 Review: 주택은 좋았어야 했는데,2022.04.28
446,CJ대한통운 000120,매수, 이베스트증권,오린아,CJ대한통운(000120) 1Q22 Preview: 바닥 찍고 도약 준비,2022.04.28
447,삼성물산 028260,매수, 유진투자증권,한병화,삼성물산(028260) 어닝스 서프라이즈 시현 저평가 확대,2022.04.28
448,삼성전기 009150,매수, SK증권,이동주,삼성전기(009150) 점진적 비중 확대,2022.04.28
449,펄어비스 263750,매수, 이베스트증권,성종화,펄어비스(263750) [검은사막 모바일 중국] 기대치 미달,2022.04.28
450,한미약품 128940,매수, SK증권,이달미,한미약품(128940) 2022 년 1 분기 돋보이는 북경한미의 호실적세,2022.04.28
451,삼성전기 009150,매수, 이베스트증권,"김광수, 남대종",삼성전기(009150) 1Q22 리뷰: 외풍에도 견조한 실적,2022.04.28
452,백광산업 001340,없음, 유안타증권,박한샘,백광산업(001340) 가성소다 흐름 타고 특수소재로,2022.04.28
453,현대제철 004020,매수, 메리츠증권,문경원,현대제철(004020) 1Q22 Review: 예상치 못한 플러스 알파,2022.04.27
454,삼성엔지니어링 028050,매수, 하이투자증권,배세호,삼성엔지니어링(028050) 1Q22 Review: 높아지는 눈높이,2022.04.27
455,현대제철 004020,매수, 하이투자증권,"김윤상, 전병현",현대제철(004020) Macro 우려를 넘어서는 실적,2022.04.27
456,코스맥스엔비티 222040,없음, IBK투자증권,김태현,코스맥스엔비티(222040) 연간 이익 성장세 이어질 듯,2022.04.27
457,JB금융지주 175330,매수, SK증권,구경회,JB금융지주(175330) 무난하게 좋은 1 분기 실적,2022.04.27
458,JB금융지주 175330,매수, IBK투자증권,김은갑,JB금융지주(175330) 1분기 사상 최고 실적,2022.04.27
459,삼성엔지니어링 028050,매수, 대신증권,"이동헌, 이지니",삼성엔지니어링(028050) 외강내강,2022.04.27
460,현대제철 004020,매수, 대신증권,이태환,현대제철(004020) 올해도 이익 성장 가능,2022.04.27
461,JB금융지주 175330,매수, 메리츠증권,은경완,JB금융지주(175330) 낮은 경기 민감도와 자본비율 개선 모멘텀,2022.04.27
462,SGC에너지 005090,매수, 메리츠증권,문경원,SGC에너지(005090) 1Q22 Review: 궤도에 진입,2022.04.27
463,현대차 005380,매수, IBK투자증권,이상현,현대차(005380) 생산차질을 이겨낸 믹스,2022.04.27
464,펄어비스 263750,매수, 한화투자증권,김소혜,펄어비스(263750) 검은사막 중국 출시 관련 업데이트,2022.04.27
465,대한유화 006650,보유, 유안타증권,황규원,대한유화(006650) 2022년 연간 적자에 대비해야!,2022.04.27
466,삼성엔지니어링 028050,매수, 유안타증권,김기룡,삼성엔지니어링(028050) 높아진 이익 레벨을 증명,2022.04.27
467,비즈니스온 138580,없음, 유진투자증권,박종선,비즈니스온(138580) 당사 추정치 상회하며 분기 최고 실적 달성,2022.04.27
468,하나기술 299030,없음, 유진투자증권,박종선,하나기술(299030) 더디지만 알찬 대규모 해외 수주 시작. 대규모 Capa 증설 대응,2022.04.27
469,JB금융지주 175330,매수, 이베스트증권,전배승,JB금융지주(175330) 고수익성 지속 예상,2022.04.27
470,삼성엔지니어링 028050,매수, 이베스트증권,김세련,"삼성엔지니어링(028050) 1Q22 Review: 펀더멘탈, 증명",2022.04.27
471,포스코케미칼 003670,매수, 이베스트증권,이안나,포스코케미칼(003670) 양극재 성장성이 돋보였다,2022.04.27
472,현대건설 000720,매수, 이베스트증권,김세련,"현대건설(000720) 수주는 청신호, 국내 부문 2분기 실적 확인",2022.04.27
473,호텔신라 008770,매수, 한화투자증권,남성현,"호텔신라(008770) 아쉽지만, 점진적 회복 예상",2022.04.27
474,기아 000270,매수, 유안타증권,이현수,기아(000270) 1Q22 Review: 유사한 듯 다른,2022.04.26
475,리노공업 058470,매수, 이베스트증권,정홍식,리노공업(058470) 고성장 이어지고 있다!,2022.04.26
476,기업은행 024110,매수, 유안타증권,정태준,기업은행(024110) 은행업 최선호주 제시,2022.04.26
477,우리종금 010050,없음, 유안타증권,정태준,우리종금(010050) 일회성 대손비용 제외 시 추정치 상회,2022.04.26
478,기업은행 024110,매수, 이베스트증권,전배승,기업은행(024110) 추가 충당금 적립에도 견조한 실적흐름 유지,2022.04.26
479,PI첨단소재 178920,매수, 이베스트증권,"김광수, 남대종",PI첨단소재(178920) 1Q22 리뷰: 실적 저점 확인,2022.04.26
480,현대차 005380,매수, 유진투자증권,이재일,현대차(005380) 1Q22Review: 올해 영업이익 전망치 9조원 으로 상향 조정,2022.04.26
481,포스코케미칼 003670,매수, 유안타증권,김광진,포스코케미칼(003670) 이차전지 소재부문 이익기여도 증가,2022.04.26
482,기아 000270,매수, 유진투자증권,이재일,기아(000270) 1Q22Review: 기대치 상회하는 호실적,2022.04.26
483,에스텍 069510,보유, 이베스트증권,정홍식,에스텍(069510) 2022년 상반기를 지나 하반기에 회복 기대,2022.04.26
484,현대차 005380,매수, 유안타증권,이현수,현대차(005380) 1Q22 Review: 부진한 Q를 넘어선 P효과,2022.04.26
485,POSCO홀딩스 005490,매수, 유안타증권,이현수,"POSCO홀딩스(005490) 1Q22 Review: 지금이 최악이라면, 그 다음은",2022.04.26
486,현대차 005380,매수, 대신증권,김귀연,현대차(005380) 영업이익 +17% 서프 관건은 지속성,2022.04.26
487,동국제약 086450,매수, 이베스트증권,정홍식,동국제약(086450) 모든 사업에서 성장한다!,2022.04.26
488,다나와 119860,매수, 이베스트증권,정홍식,다나와(119860) 일회성 요인을 제거하면 무난하다,2022.04.26
489,포스코케미칼 003670,매수, 대신증권,전창헌,"포스코케미칼(003670) 양극재 맑음, 음극재 흐림",2022.04.26
490,기아 000270,매수, 대신증권,김귀연,기아(000270) 성장성/수익성은 완벽 이제 주가만 남았다,2022.04.26
491,POSCO홀딩스 005490,매수, 대신증권,이태환,POSCO홀딩스(005490) 서프라이즈 스타트,2022.04.26
492,삼성카드 029780,매수, SK증권,구경회,삼성카드(029780) 수수료율 하락에도 실적은 오히려 개선,2022.04.26
493,기업은행 024110,매수, IBK투자증권,김은갑,기업은행(024110) 대규모 비용발생에도 사상 최고치,2022.04.26
494,KMH 122450,없음, IBK투자증권,"채윤석,이건재",KMH(122450) 저평가 구간,2022.04.26
495,코스모신소재 005070,없음, 하이투자증권,이상헌,코스모신소재(005070) 실적개선 환경하에서 CAPA 증설로 성장성 가시화,2022.04.26
496,LX세미콘 108320,매수, 하이투자증권,정원석,LX세미콘(108320) 더 이상 무슨 말이 필요한가,2022.04.26
497,현대차 005380,매수, 한화투자증권,김동하,현대차(005380) [1Q22 Review] 제품 Mix 개선의 힘,2022.04.26
498,기아 000270,매수, 한화투자증권,김동하,기아(000270) [1Q22 Review] 관성의 법칙,2022.04.26
499,포스코케미칼 003670,매수, 한화투자증권,이용욱,포스코케미칼(003670) 양극재 실적 서프라이즈,2022.04.26
500,유니드 014830,매수, 한화투자증권,전우제,유니드(014830) 더 좋거나 아주 좋거나,2022.04.26
501,기업은행 024110,매수, 한화투자증권,김동하,기업은행(024110) 현 국면에 유리한 포트폴리오,2022.04.26
502,현대차 005380,매수, 하이투자증권,신윤철,현대차(005380) 자동차 부문이 견인한 호실적,2022.04.26
503,현대모비스 012330,매수, 하이투자증권,신윤철,현대모비스(012330) 다이어트 선언이 필요하다,2022.04.26
504,현대건설 000720,매수, 하이투자증권,배세호,현대건설(000720) 원재료비 상승 영향은 제한적,2022.04.26
